cid,community_size,top3_nodes,top3_out_degrees,nonzero_degree_nodes
14,149,電腦系統、作業系統、敵對者,"15,13,9",88
13,121,攻擊者、網路應用程式、sql injection 隱碼攻擊,"41,16,11",52
21,116,網路使用者、雲端運算服務、active directory,"40,14,5",49
15,103,稽核人員、病毒程式、備份,"9,7,5",62
12,85,營運持續計劃、災害復原程序、備援計畫,"9,5,4",61
41,84,警報系統、警衛、入侵偵測系統 (ids),"14,7,5",44
9,83,aes、des、對稱式加密,"8,7,7",51
19,80,資安人員、iis、簽到系統,"46,4,3",29
24,79,關聯性資料庫、使用者身分識別、ieee 802.11,"13,8,6",34
28,77,行動通訊、4g lte 系統、iso 27001:2022,"18,7,6",31
18,76,資訊資產、風險分析、資訊資產盤點,"11,8,6",37
1,74,最小權限原則、安全設定錯誤、歐盟一般資料保護規範 (gdpr),"5,3,3",59
16,73,物聯網、osi 模型 (osi model)、syslog,"11,8,7",36
23,70,雙因子認證、有心人士、社交工程攻擊,"9,6,4",43
33,67,防火牆、過濾型防火牆、應用層防火牆,"21,13,7",25
39,62,密碼模組、多晶片獨立模組、硬體密碼模組,"18,5,5",27
46,55,資訊安全管理系統、員工、高階管理層,"12,8,5",24
71,55,ic卡、實體攻擊、記憶卡,"18,5,5",23
52,54,駭客、伺服器、中國菜刀(china chopper),"15,5,4",24
2,52,企業、當事人、釣魚攻擊,"9,6,5",29
