cid,ccod,rank,community_size
13,102,1,121
21,66,2,116
19,60,3,80
14,42,4,149
41,41,5,84
8,38,6,38
33,38,7,67
52,37,8,54
15,35,9,103
11,28,10,49
23,27,11,70
46,26,12,55
18,25,13,76
9,23,14,83
16,22,15,73
45,20,16,42
5,18,17,49
28,18,18,77
27,17,19,42
2,16,20,52
24,16,21,79
7,15,22,48
10,15,23,45
66,15,24,31
26,14,25,32
12,13,26,85
6,12,27,45
17,12,28,38
54,12,29,32
4,11,30,45
29,10,31,34
71,10,32,55
39,9,33,62
61,9,34,33
37,7,35,28
1,6,36,74
30,6,37,47
25,4,38,48
51,1,39,6
0,0,40,4
3,0,41,4
20,0,42,3
22,0,43,3
31,0,44,4
32,0,45,23
34,0,46,3
35,0,47,4
36,0,48,5
38,0,49,3
40,0,50,3
42,0,51,11
43,0,52,4
44,0,53,3
47,0,54,4
48,0,55,3
49,0,56,6
50,0,57,3
53,0,58,4
55,0,59,4
56,0,60,3
57,0,61,3
58,0,62,3
59,0,63,3
60,0,64,3
62,0,65,5
63,0,66,3
64,0,67,3
65,0,68,7
67,0,69,3
68,0,70,5
69,0,71,3
70,0,72,4
72,0,73,6
73,0,74,3
74,0,75,5
75,0,76,3
76,0,77,4
77,0,78,3
78,0,79,4
79,0,80,4
80,0,81,3
81,0,82,4
82,0,83,4
83,0,84,4
84,0,85,4
85,0,86,4
86,0,87,3
