cid,metric,rank,node_name,node_type,score
14,out_degree,1,電腦系統,system,15.0
14,out_degree,2,作業系統,system,13.0
14,out_degree,3,敵對者,attacker,9.0
14,betweenness,1,電腦系統,system,1032.5
14,betweenness,2,作業系統,system,613.5
14,betweenness,3,滲透測試,technique,165.0
14,closeness,1,dirty cow,vulnerability,1.0
14,closeness,2,dos,system,1.0
14,closeness,3,java 虛擬機器 (jvm),system,1.0
13,out_degree,1,攻擊者,attacker,41.0
13,out_degree,2,網路應用程式,app,16.0
13,out_degree,3,sql injection 隱碼攻擊,attack,11.0
13,betweenness,1,網路應用程式,app,274.66666666666674
13,betweenness,2,sql injection 隱碼攻擊,attack,230.66666666666666
13,betweenness,3,xss 攻擊,attack,61.916666666666664
13,closeness,1,2fa 代碼,data,1.0
13,closeness,2,cross-site scripting,attack,1.0
13,closeness,3,csrf,attack,1.0
21,out_degree,1,網路使用者,user,40.0
21,out_degree,2,雲端運算服務,system,14.0
21,out_degree,3,active directory,system,5.0
21,betweenness,1,網際網路,system,206.5
21,betweenness,2,雲端運算服務,system,189.33333333333334
21,betweenness,3,電腦主機,system,120.0
21,closeness,1,active directory,system,1.0
21,closeness,2,builtin,system,1.0
21,closeness,3,crm 系統,app,1.0
15,out_degree,1,稽核人員,securityTeam,9.0
15,out_degree,2,病毒程式,attack,7.0
15,out_degree,3,備份,technique,5.0
15,betweenness,1,病毒程式,attack,291.0
15,betweenness,2,勒索軟體,attack,172.0
15,betweenness,3,備份,technique,62.0
15,closeness,1,aicpa 及 cica 準則,policy,1.0
15,closeness,2,事件調查資料,data,1.0
15,closeness,3,企業資料備分策略,technique,1.0
12,out_degree,1,營運持續計劃,policy,9.0
12,out_degree,2,災害復原程序,policy,5.0
12,out_degree,3,備援計畫,policy,4.0
12,betweenness,1,營運持續計劃,policy,9.0
12,betweenness,2,認知教育訓練,policy,4.0
12,betweenness,3,erp系統,app,3.0
12,closeness,1,erp系統,app,1.0
12,closeness,2,中斷時間,risk,1.0
12,closeness,3,人員隨意進出,attack,1.0
41,out_degree,1,警報系統,tool,14.0
41,out_degree,2,警衛,securityTeam,7.0
41,out_degree,3,入侵偵測系統 (ids),tool,5.0
41,betweenness,1,警報系統,tool,123.16666666666666
41,betweenness,2,監視系統,tool,39.33333333333333
41,betweenness,3,實體安全設施,tool,30.0
41,closeness,1,code red 病毒,attack,1.0
41,closeness,2,上鎖空間,system,1.0
41,closeness,3,停電,risk,1.0
9,out_degree,1,aes,tool,8.0
9,out_degree,2,des,tool,7.0
9,out_degree,3,對稱式加密,tool,7.0
9,betweenness,1,對稱加密,technique,109.0
9,betweenness,2,aes,tool,73.5
9,betweenness,3,des,tool,37.5
9,closeness,1,kerberos 伺服器,tool,1.0
9,closeness,2,不同金鑰,feature,1.0
9,closeness,3,偏移量,feature,1.0
19,out_degree,1,資安人員,securityTeam,46.0
19,out_degree,2,iis,app,4.0
19,out_degree,3,簽到系統,system,3.0
19,betweenness,1,安全控制方式,technique,4.0
19,betweenness,2,帳號特權管理,technique,4.0
19,betweenness,3,事件通報程序,technique,3.5
19,closeness,1,dhcp,feature,1.0
19,closeness,2,dhcp 伺服器日誌文件,data,1.0
19,closeness,3,iis log file,data,1.0
24,out_degree,1,關聯性資料庫,system,13.0
24,out_degree,2,使用者身分識別,function,8.0
24,out_degree,3,ieee 802.11,system,6.0
24,betweenness,1,使用者身分識別,function,168.0
24,betweenness,2,ieee 802.11,system,126.0
24,betweenness,3,wep,tool,108.0
24,closeness,1,2.4 ghz 頻帶,feature,1.0
24,closeness,2,aaa,tool,1.0
24,closeness,3,accounting,function,1.0
28,out_degree,1,行動通訊,system,18.0
28,out_degree,2,4g lte 系統,system,7.0
28,out_degree,3,iso 27001:2022,system,6.0
28,betweenness,1,行動通訊,system,231.0
28,betweenness,2,無線lte網路,system,100.0
28,betweenness,3,病毒入侵,attack,27.0
28,closeness,1,accessibility,feature,1.0
28,closeness,2,cer,feature,1.0
28,closeness,3,crc checksum,tool,1.0
18,out_degree,1,資訊資產,system,11.0
18,out_degree,2,風險分析,technique,8.0
18,out_degree,3,資訊資產盤點,technique,6.0
18,betweenness,1,資訊資產,system,163.0
18,betweenness,2,風險分析,technique,57.0
18,betweenness,3,資產清冊,tool,20.0
18,closeness,1,saas,system,1.0
18,closeness,2,事件紀錄檔,system,1.0
18,closeness,3,伺服器驗證,function,1.0
1,out_degree,1,最小權限原則,policy,5.0
1,out_degree,2,安全設定錯誤,vulnerability,3.0
1,out_degree,3,歐盟一般資料保護規範 (gdpr),policy,3.0
1,betweenness,1,安全設定錯誤,vulnerability,9.0
1,betweenness,2,安全保密協議,policy,4.0
1,betweenness,3,歐盟一般資料保護規範 (gdpr),policy,3.0
1,closeness,1,filevault,tool,1.0
1,closeness,2,侵犯著作權,risk,1.0
1,closeness,3,匿名通信,function,1.0
16,out_degree,1,物聯網,system,11.0
16,out_degree,2,osi 模型 (osi model),system,8.0
16,out_degree,3,syslog,tool,7.0
16,betweenness,1,大數據,system,40.0
16,betweenness,2,大數據技術,technique,27.0
16,betweenness,3,物聯網,system,27.0
16,closeness,1,osi 模型 (osi model),system,1.0
16,closeness,2,port 514,feature,1.0
16,closeness,3,tcp/ip 協定組,system,1.0
23,out_degree,1,雙因子認證,technique,9.0
23,out_degree,2,有心人士,attacker,6.0
23,out_degree,3,社交工程攻擊,attack,4.0
23,betweenness,1,中間人攻擊,attack,39.0
23,betweenness,2,社交工程攻擊,attack,19.5
23,betweenness,3,近距離無線通訊(nfc),system,15.0
23,closeness,1,email,tool,1.0
23,closeness,2,otp,tool,1.0
23,closeness,3,rfid 感應卡,tool,1.0
33,out_degree,1,防火牆,tool,21.0
33,out_degree,2,過濾型防火牆,tool,13.0
33,out_degree,3,應用層防火牆,tool,7.0
33,betweenness,1,防火牆,tool,306.0
33,betweenness,2,企業網路,system,241.5
33,betweenness,3,過濾型防火牆,tool,99.0
33,closeness,1,dns record,data,1.0
33,closeness,2,dns zone transfer,feature,1.0
33,closeness,3,pptp vpn,feature,1.0
39,out_degree,1,密碼模組,system,18.0
39,out_degree,2,多晶片獨立模組,tool,5.0
39,out_degree,3,硬體密碼模組,tool,5.0
39,betweenness,1,密碼模組,system,129.0
39,betweenness,2,硬體密碼模組,tool,84.0
39,betweenness,3,憑證機構資訊系統,system,54.0
39,closeness,1,csp (cryptographic service provider),tool,1.0
39,closeness,2,ctcpec,system,1.0
39,closeness,3,亂數產生器,tool,1.0
46,out_degree,1,資訊安全管理系統,system,12.0
46,out_degree,2,員工,user,8.0
46,out_degree,3,高階管理層,securityTeam,5.0
46,betweenness,1,資訊安全管理系統,system,150.0
46,betweenness,2,服務資產,system,76.0
46,betweenness,3,資產清單,feature,33.0
46,closeness,1,bring your own device,policy,1.0
46,closeness,2,bs 7799 part 1,system,1.0
46,closeness,3,bs 7799 part 2,system,1.0
71,out_degree,1,ic卡,system,18.0
71,out_degree,2,實體攻擊,attack,5.0
71,out_degree,3,記憶卡,system,5.0
71,betweenness,1,ic卡,system,359.0
71,betweenness,2,記憶卡,system,96.0
71,betweenness,3,實體攻擊,attack,31.0
71,closeness,1,ic公用電話機,system,1.0
71,closeness,2,交通運輸系統,system,1.0
71,closeness,3,八達通智慧卡,system,1.0
52,out_degree,1,駭客,attacker,15.0
52,out_degree,2,伺服器,system,5.0
52,out_degree,3,中國菜刀(china chopper),tool,4.0
52,betweenness,1,伺服器,system,55.0
52,betweenness,2,自動化登入攻擊,attack,7.0
52,betweenness,3,商業間諜,attack,4.0
52,closeness,1,443 埠,feature,1.0
52,closeness,2,80 埠,feature,1.0
52,closeness,3,sql指令,data,1.0
2,out_degree,1,企業,securityTeam,9.0
2,out_degree,2,當事人,user,6.0
2,out_degree,3,釣魚攻擊,attack,5.0
2,betweenness,1,釣魚攻擊,attack,20.0
2,betweenness,2,電腦處理個人資料保護法,policy,12.5
2,betweenness,3,違法蒐集、處理或利用個資,attack,5.0
2,closeness,1,iso 27001: 2022,policy,1.0
2,closeness,2,人事管理,function,1.0
2,closeness,3,個人資料檔案,system,1.0
5,out_degree,1,資訊系統架構,system,9.0
5,out_degree,2,siem,tool,6.0
5,out_degree,3,安全資訊與事件管理(siem),tool,5.0
5,betweenness,1,資訊系統架構,system,22.0
5,betweenness,2,日誌檔,data,15.0
5,betweenness,3,實體設施,tool,4.0
5,closeness,1,事件管理,function,1.0
5,closeness,2,人為破壞,attack,1.0
5,closeness,3,內部時間同步主機,system,1.0
11,out_degree,1,事故處理單位,securityTeam,4.0
11,out_degree,2,事件處理,technique,3.0
11,out_degree,3,蜜罐,tool,3.0
11,betweenness,1,事件處理,technique,37.0
11,betweenness,2,資訊安全事件,attack,23.0
11,betweenness,3,組織,system,16.0
11,closeness,1,事件處理,technique,1.0
11,closeness,2,事故報告,function,1.0
11,closeness,3,圍牆,tool,1.0
7,out_degree,1,電子郵件,app,5.0
7,out_degree,2,電腦病毒,tool,5.0
7,out_degree,3,pkcs#11,system,4.0
7,betweenness,1,垃圾郵件,attack,42.0
7,betweenness,2,電子郵件,app,42.0
7,betweenness,3,電腦病毒,tool,20.0
7,closeness,1,ssl安全交易協定,feature,1.0
7,closeness,2,token,tool,1.0
7,closeness,3,垃圾郵件,attack,1.0
25,out_degree,1,電子商務,system,19.0
25,out_degree,2,電子簽章,tool,6.0
25,out_degree,3,區塊,feature,4.0
25,betweenness,1,電子商務,system,149.0
25,betweenness,2,c2c,system,38.0
25,betweenness,3,區塊,feature,4.0
25,closeness,1,不可否認性,function,1.0
25,closeness,2,區塊,feature,1.0
25,closeness,3,去中心化,feature,1.0
30,out_degree,1,軟體能力成熟度模式,tool,8.0
30,out_degree,2,瀑布模式,technique,4.0
30,out_degree,3,cmmi,tool,3.0
30,betweenness,1,瀑布模式,technique,58.0
30,betweenness,2,設計階段,technique,21.0
30,betweenness,3,發展與驗證,technique,13.0
30,closeness,1,ieee 802.11i,system,1.0
30,closeness,2,rc4 stream cipher,tool,1.0
30,closeness,3,rup,technique,1.0
4,out_degree,1,windows,system,6.0
4,out_degree,2,營運衝擊分析,technique,5.0
4,out_degree,3,ping,tool,4.0
4,betweenness,1,windows,system,34.0
4,betweenness,2,備份資料,data,28.0
4,betweenness,3,資料檔案保險櫃,system,16.0
4,closeness,1,windows,system,1.0
4,closeness,2,備份結果,data,1.0
4,closeness,3,可回復的設備,system,1.0
6,out_degree,1,聯網裝置,system,11.0
6,out_degree,2,5g 網路,system,5.0
6,out_degree,3,owasp,securityTeam,3.0
6,betweenness,1,聯網裝置,system,192.0
6,betweenness,2,5g 網路,system,65.0
6,betweenness,3,程式碼篡改,attack,51.0
6,closeness,1,owasp iot top 10,policy,1.0
6,closeness,2,安全功能,function,1.0
6,closeness,3,應用程式伺服器,system,1.0
10,out_degree,1,raid 5,tool,4.0
10,out_degree,2,資安團隊 (企業),securityTeam,4.0
10,out_degree,3,raid 1,tool,2.0
10,betweenness,1,攻擊,attack,108.0
10,betweenness,2,非生產環境,system,29.0
10,betweenness,3,ip camera,system,28.0
10,closeness,1,raid,system,1.0
10,closeness,2,rebuild,function,1.0
10,closeness,3,備份軟體,tool,1.0
27,out_degree,1,存取控制,technique,5.0
27,out_degree,2,強制存取控制,technique,4.0
27,out_degree,3,內送郵件伺服器,system,3.0
27,betweenness,1,存取控制,technique,48.0
27,betweenness,2,未經授權存取,attack,17.5
27,betweenness,3,嚇阻性控制,technique,8.0
27,closeness,1,pop3,feature,1.0
27,closeness,2,內送郵件伺服器,system,1.0
27,closeness,3,分類標籤,data,1.0
45,out_degree,1,網頁瀏覽器,app,8.0
45,out_degree,2,行動支付,app,6.0
45,out_degree,3,paas,system,4.0
45,betweenness,1,網頁瀏覽器,app,24.0
45,betweenness,2,ssl/tls,tool,13.0
45,betweenness,3,paas,system,5.0
45,closeness,1,ot系統,system,1.0
45,closeness,2,paas,system,1.0
45,closeness,3,server 端,system,1.0
8,out_degree,1,管理者,securityTeam,12.0
8,out_degree,2,網路犯罪分子,attacker,4.0
8,out_degree,3,安全管理政策,policy,2.0
8,betweenness,1,安全管理政策,policy,4.0
8,betweenness,2,私密金鑰,tool,4.0
8,betweenness,3,硬體安全模組 (hsm),system,3.0
8,closeness,1,mac(mandatory access control)強存取控制,policy,1.0
8,closeness,2,儲存媒體銷毀,technique,1.0
8,closeness,3,安全管理政策,policy,1.0
17,out_degree,1,雜湊,function,4.0
17,out_degree,2,雜湊函數,tool,4.0
17,out_degree,3,sha2,tool,3.0
17,betweenness,1,雜湊,function,42.0
17,betweenness,2,sha2,tool,37.0
17,betweenness,3,雜湊函數,tool,23.0
17,closeness,1,devops,policy,1.0
17,closeness,2,pdca,tool,1.0
17,closeness,3,儲存密碼檔案,data,1.0
29,out_degree,1,阻絕服務攻擊,attack,4.0
29,out_degree,2,fraggle,attack,3.0
29,out_degree,3,tcp syn flood 攻擊,attack,3.0
29,betweenness,1,阻絕服務攻擊,attack,38.0
29,betweenness,2,tcp syn flood 攻擊,attack,15.0
29,betweenness,3,udp flood attack,attack,14.0
29,closeness,1,microsoft sdl,policy,1.0
29,closeness,2,tcp 協定三向交握的弱點,vulnerability,1.0
29,closeness,3,位址偽裝,technique,1.0
61,out_degree,1,主管機關,securityTeam,4.0
61,out_degree,2,公開金鑰密碼演算法,system,3.0
61,out_degree,3,非對稱式金鑰加密技術,technique,3.0
61,betweenness,1,公開金鑰密碼演算法,system,28.0
61,betweenness,2,量子電腦,tool,24.0
61,betweenness,3,量子電腦破解攻擊,attack,18.0
61,closeness,1,1 級或 2 級事件,attack,1.0
61,closeness,2,威脅,risk,1.0
61,closeness,3,後量子密碼學,technique,1.0
26,out_degree,1,資料洩漏,attack,5.0
26,out_degree,2,電腦鑑識,technique,5.0
26,out_degree,3,電腦鑑識專家,securityTeam,4.0
26,betweenness,1,資料洩漏,attack,30.0
26,betweenness,2,電腦鑑識,technique,21.0
26,betweenness,3,4級事件,attack,8.0
26,closeness,1,數位證據保存,function,1.0
26,closeness,2,監控和分析,function,1.0
26,closeness,3,系統停頓,attack,1.0
54,out_degree,1,webtrust,tool,5.0
54,out_degree,2,磁條卡,system,3.0
54,out_degree,3,emv系統,system,2.0
54,betweenness,1,webtrust,tool,7.0
54,betweenness,2,磁條卡,system,6.0
54,betweenness,3,網站安全測試認證標章,tool,6.0
54,closeness,1,webtrust,tool,1.0
54,closeness,2,密碼潑灑,attack,1.0
54,closeness,3,批次處理,feature,1.0
66,out_degree,1,檢測實驗室,securityTeam,6.0
66,out_degree,2,fips 140,policy,5.0
66,out_degree,3,美國國家標準局 (nist),securityTeam,4.0
66,betweenness,1,fips 140,policy,30.0
66,betweenness,2,fips 符合性測試,tool,1.0
66,betweenness,3,dtr (測試需求),policy,0.0
66,closeness,1,dtr (測試需求),policy,1.0
66,closeness,2,fips 140,policy,1.0
66,closeness,3,fips 符合性測試,tool,1.0
37,out_degree,1,法令法規,policy,3.0
37,out_degree,2,csa star,policy,2.0
37,out_degree,3,iso/iec 27017,policy,2.0
37,betweenness,1,法令法規,policy,3.0
37,betweenness,2,iso/iec 27018,policy,2.0
37,betweenness,3,虛擬化,tool,2.0
37,closeness,1,iso/iec 27018,policy,1.0
37,closeness,2,受害網站,app,1.0
37,closeness,3,法令法規,policy,1.0
32,out_degree,1,linux,system,7.0
32,out_degree,2,linux系統設備,system,4.0
32,out_degree,3,/etc/shadow,data,2.0
32,betweenness,1,linux,system,36.0
32,betweenness,2,linux系統設備,system,32.0
32,betweenness,3,/etc/shadow,data,27.0
32,closeness,1,fedora/centos/rhel linux,system,1.0
32,closeness,2,mac,function,1.0
32,closeness,3,系統設定任務,function,1.0
42,out_degree,1,個人資料蒐集告知,function,3.0
42,out_degree,2,資安事件通報,function,3.0
42,out_degree,3,公務或非公務機關,securityTeam,2.0
42,betweenness,1,資安事件通報,function,6.0
42,betweenness,2,個人資料蒐集告知,function,3.0
42,betweenness,3,事件發生的時間,data,0.0
42,closeness,1,個人資料蒐集告知,function,1.0
42,closeness,2,損害控制或復原作業,function,1.0
42,closeness,3,資安事件通報,function,1.0
