cid,source_id,source_name,target_id,target_name,reason
1,2377,社群雲,2379,雲端資料,cycle_break
4,2308,windows,1317,使用者帳戶控制 (uac),cycle_break
9,1638,數位憑證,1753,公開金鑰,cycle_break
9,1745,對稱加密,600,des,cycle_break
13,1692,資料庫系統,844,資料庫管理系統,cycle_break
14,1990,異地備援,1907,冷備援站點,cycle_break
14,1657,作業系統,1661,安全模式,cycle_break
14,1990,異地備援,1908,暖備援站點,cycle_break
14,1684,電腦系統,1657,作業系統,cycle_break
15,1653,可信賴電腦系統,824,可信賴平台模組,cycle_break
16,2402,物聯網,2485,rfid,cycle_break
17,2549,sha-256,2287,sha2,cycle_break
21,2371,公有雲,503,個人識別資訊 (pii),cycle_break
21,1666,網際網路,530,電腦主機,cycle_break
24,2130,無線通訊,2020,ieee 802.11,cycle_break
25,1593,電子商務,603,c2c,cycle_break
30,2176,ieee 802.11i,2031,wpa2,cycle_break
32,2591,/var/log/secure,2419,linux系統設備,cycle_break
32,2659,linux,2564,/etc/shadow,cycle_break
33,2331,企業網路,1319,網路位址轉換 (nat),cycle_break
33,2338,過濾型防火牆,2344,網路層防火牆,cycle_break
33,2345,應用層防火牆,2338,過濾型防火牆,cycle_break
33,2331,企業網路,1589,防火牆,cycle_break
41,1603,實體安全,1614,監視系統,cycle_break
46,1813,資訊安全管理系統,2740,電力供應,cycle_break
46,1371,服務資產,1813,資訊安全管理系統,cycle_break
